1,U01,M01,090108,080010,170040,22,70,12345,12098,,,,,,
1,U03,M03,090108,082010,172040,22,70,12345,12098,,,,,,
1,U05,M05,090108,082310,171040,22,70,12345,12098,,,,,,
1,U07,M07,090108,080010,170040,22,70,12345,12098,,,,,,
1,U09,M09,090108,081040,170040,22,70,12345,12098,,,,,,
1,U11,M11,090108,080010,170040,22,70,12345,12098,,,,,,
1,U04,M04,090108,090000,190040,22,70,12345,12098,,,,,,
1,U06,M06,090108,090000,190040,22,70,12345,12098,,,,,,
1,U08,M08,090108,090000,190040,22,70,12345,12098,,,,,,
1,U10,M10,090108,090000,190040,22,70,12345,12098,,,,,,
2,U01,M01,090108,090201,LP010,000340,F0059,R,PR1,10,,,,,
2,U03,M03,090108,090201,LP020,000340,F0059,R,PR1,10,,,,,
2,U05,M05,090108,090201,UP310,000340,F0010,RW,PR2,10,,,,,
2,U07,M07,090108,090201,LP010,000340,F0010,RW,PR2,10,,,,,
2,U09,M09,090108,090201,LP095,000340,F0010,RW,PR2,10,,,,,
2,U11,M11,090108,090201,UP310,000340,F0100,R,PR3,10,,,,,
1,U02,M02,090108,094500,190040,22,70,12345,12098,,,,,,
2,U02,M02,090108,095201,UP010,000340,F0059,R,PR1,10,,,,,
2,U04,M04,090108,105201,UP010,000340,F0059,R,PR1,10,,,,,
2,U06,M06,090108,105201,UP010,000340,F0010,RW,PR2,10,,,,,
2,U08,M08,090108,105201,UP010,000340,F0010,RW,PR2,10,,,,,
2,U10,M10,090108,105201,UP010,000340,F0010,RW,PR2,10,,,,,
2,U01,M01,090108,115201,LP050,001040,F0070,RW,PR1,2,,,,,
2,U02,M02,090108,115201,UP150,001040,F0070,RW,PR1,2,,,,,
2,U03,M03,090108,115201,LP060,001040,F0070,RW,PR1,2,,,,,
2,U05,M05,090108,115201,UP350,001040,F0020,RW,PR2,2,,,,,
2,U07,M07,090108,115201,LP050,001040,F0020,RW,PR2,2,,,,,
2,U09,M09,090108,115201,LP075,001040,F0020,RW,PR2,2,,,,,
2,U11,M11,090108,115201,UP350,001040,F0200,R,PR3,2,,,,,
3,U01,M01,090108,120656,E1,jones@pqr.com,S,209003,1,,,,,,
3,U02,M02,090108,120656,E1,jones@pqr.com,S,209003,1,,,,,,
3,U03,M03,090108,120656,E1,jones@pqr.com,S,209003,1,,,,,,
3,U05,M05,090108,120656,E1,jones@pqr.com,S,209003,1,,,,,,
3,U07,M07,090108,120656,E1,smith@abc.org,S,209003,1,,,,,,
3,U09,M09,090108,120656,E3,smith@abc.org,S,209003,1,,,,,,
3,U11,M11,090108,120656,E1,xyz@sai.org,S,209003,1,,,,,,
2,U04,M04,090108,125201,UP150,001040,F0070,RW,PR1,2,,,,,
2,U06,M06,090108,125201,UP150,001040,F0020,RW,PR2,2,,,,,
2,U08,M08,090108,125201,UP150,001040,F0020,RW,PR2,2,,,,,
2,U10,M10,090108,125201,UP150,001040,F0020,RW,PR2,2,,,,,
2,U01,M01,090108,131251,LP080,000450,F0085,R,PR1,15,,,,,
2,U02,M02,090108,131251,UP170,000450,F0085,R,PR1,15,,,,,
2,U03,M03,090108,131251,LP090,000450,F0085,R,PR1,15,,,,,
2,U05,M05,090108,131251,UP380,000450,F0025,RW,PR2,15,,,,,
2,U07,M07,090108,131251,LP080,000450,F0025,RW,PR2,15,,,,,
2,U09,M09,090108,131251,LP085,000450,F0025,RW,PR2,15,,,,,
2,U11,M11,090108,131251,UP380,000450,F0300,R,PR3,15,,,,,
3,U04,M04,090108,140656,E1,jones@pqr.com,S,209003,1,,,,,,
3,U06,M06,090108,140656,E1,smith@abc.org,R,209003,1,,,,,,
3,U08,M08,090108,140656,E1,smith@abc.org,R,209003,1,,,,,,
3,U10,M24,090108,140656,E3,smith@abc.org,R,209003,1,,,,,,
2,U04,M04,090108,141251,UP170,000450,F0085,R,PR1,15,,,,,
2,U06,M06,090108,141251,UP170,000450,F0025,RW,PR2,15,,,,,
2,U08,M08,090108,141251,UP170,000450,F0025,RW,PR2,15,,,,,
2,U10,M10,090108,141251,UP170,000450,F0025,RW,PR2,15,,,,,
3,U01,M01,090108,150302,E1,jones@pqr.com,S,3203045,2,,,,,,
3,U02,M02,090108,150302,E1,jones@pqr.com,S,3203045,2,,,,,,
3,U03,M03,090108,150302,E1,jones@pqr.com,S,3203045,2,,,,,,
3,U05,M05,090108,150302,E1,jones@pqr.com,S,3203045,2,,,,,,
3,U07,M07,090108,150302,E1,smith@abc.org,S,3203045,2,,,,,,
3,U09,M09,090108,150302,E3,smith@abc.org,S,3203045,2,,,,,,
3,U11,M11,090108,150302,E1,xyz@sai.org,S,3203045,2,,,,,,
2,U02,M02,090108,151251,UP300,000550,F0185,RW,PR1,5,,,,,
2,U04,M04,090108,151751,UP300,000550,F0185,RW,PR1,5,,,,,
2,U06,M06,090108,151751,UP300,000550,F0010,RW,PR2,5,,,,,
2,U08,M08,090108,151751,UP300,000550,F0010,RW,PR2,5,,,,,
2,U10,M23,090108,151751,UP300,000550,F0010,RW,PR2,5,,,,,
3,U04,M04,090108,153302,E1,jones@pqr.com,S,3203045,2,,,,,,
3,U06,M06,090108,153302,E1,smith@abc.org,R,3203045,2,,,,,,
3,U08,M08,090108,153302,E1,smith@abc.org,R,3203045,2,,,,,,
3,U10,M25,090108,153302,E3,smith@abc.org,R,3203045,2,,,,,,
3,U02,M02,090108,160312,E1,mom@icare.com,S,4509,0,,,,,,
2,U02,M02,090108,161551,UP350,000640,F0285,R,PR1,2,,,,,
3,U04,M04,090108,162312,E1,mom@icare.com,S,4509,0,,,,,,
3,U06,M06,090108,162312,E1,mom@icare.com,R,4509,0,,,,,,
3,U08,M08,090108,162312,E1,mom@icare.com,R,4509,0,,,,,,
3,U10,M08,090108,162312,E3,mom@icare.com,R,4509,0,,,,,,
2,U04,M04,090108,163551,UP350,000640,F0285,R,PR1,2,,,,,
2,U06,M06,090108,163551,UP350,000640,F0025,RW,PR2,2,,,,,
2,U08,M08,090108,163551,UP350,000640,F0025,RW,PR2,2,,,,,
2,U10,M08,090108,163551,UP350,000640,F0025,RW,PR2,2,,,,,
1,U12,M12,090108,180010,220040,22,70,12345,12098,,,,,,
1,U13,M13,090108,180010,220040,22,70,12345,12098,,,,,,
1,U14,M14,090108,180010,220040,22,70,12345,12098,,,,,,
1,U16,M16,090108,180010,220040,22,70,12345,12098,,,,,,
1,U17,M19,090108,180010,220040,22,70,12345,12098,,,,,,
2,U12,M12,090108,190201,UP310,000340,F0100,R,PR3,10,,,,,
2,U13,M13,090108,190201,UP310,000340,F0100,R,PR4,10,,,,,
2,U14,M14,090108,190201,UP310,000340,F0100,R,PR4,10,,,,,
2,U15,M15,090108,190201,UP310,000340,F0100,R,PR4,10,,,,,
2,U12,M12,090108,195201,UP350,001040,F0200,R,PR3,2,,,,,
2,U13,M13,090108,195201,UP350,001040,F0200,R,PR4,2,,,,,
2,U14,M14,090108,195201,UP350,001040,F0200,R,PR4,2,,,,,
2,U15,M15,090108,195201,UP350,001040,F0200,R,PR4,2,,,,,
2,U12,M12,090108,201251,UP380,000450,F0300,R,PR3,15,,,,,
2,U13,M13,090108,201251,UP380,000450,F0300,R,PR4,15,,,,,
2,U14,M14,090108,201251,UP380,000450,F0300,R,PR4,15,,,,,
2,U15,M15,090108,201251,UP380,000450,F0300,R,PR4,15,,,,,
3,U12,M12,090108,210656,E1,xyz@sai.org,S,209003,1,,,,,,
3,U13,M13,090108,210656,E1,xyz@sai.org,S,209003,1,,,,,,
3,U14,M14,090108,210656,E1,xyz@sai.org,S,209003,1,,,,,,
3,U15,M15,090108,210656,E1,bob@xyz.com,R,209003,1,,,,,,
3,U16,M16,090108,210656,E1,bob@xyz.com,R,209003,1,,,,,,
3,U17,M19,090108,210656,E4,bob@xyz.com,R,209003,1,,,,,,
3,U12,M12,090108,215302,E1,xyz@sai.org,S,3203045,2,,,,,,
3,U13,M13,090108,215302,E1,xyz@sai.org,S,3203045,2,,,,,,
3,U14,M14,090108,215302,E1,xyz@sai.org,S,3203045,2,,,,,,
3,U15,M15,090108,215302,E1,bob@xyz.com,R,3203045,2,,,,,,
3,U16,M16,090108,215302,E1,bob@xyz.com,R,3203045,2,,,,,,
3,U17,M19,090108,215302,E4,bob@xyz.com,R,3203045,2,,,,,,
1,U01,M01,090208,081010,172040,10,30,1210,1352,  ,,,,,
1,U03,M03,090208,081010,172040,10,30,1210,1352,  ,,,,,
1,U05,M05,090208,081010,172040,10,30,1210,1352,  ,,,,,
1,U07,M07,090208,081010,172040,10,30,1210,1352,  ,,,,,
1,U09,M09,090208,081010,172040,10,30,1210,1352,  ,,,,,
1,U11,M21,090208,081010,172040,10,30,1210,1352,  ,,,,,
1,U12,M21,090208,081510,172040,10,30,1210,1352,  ,,,,,
1,U13,M21,090208,081510,172040,10,30,1210,1352,  ,,,,,
1,U14,M21,090208,081510,172040,10,30,1210,1352,  ,,,,,
1,U15,M21,090208,081510,172040,10,30,1210,1352,  ,,,,,
1,U16,M16,090208,081510,172040,10,30,1210,1352,  ,,,,,
1,U17,M19,090208,081510,172040,10,30,1210,1352,  ,,,,,
2,U13,M21,090208,090501,LP010,000340,F0059,R,PR4,10,,,,,
2,U13,M21,090208,090501,LP010,000340,F0059,R,PR4,10,,,,,
1,U02,M02,090208,101010,202040,10,30,1210,1352,  ,,,,,
2,U13,M21,090208,120501,LP050,000870,F0079,RW,PR4,10,,,,,
2,U13,M21,090208,120501,LP050,000870,F0079,RW,PR4,10,,,,,
2,U02,M02,090208,121251,UP300,001550,F0185,RW,PR1,1,,,,,
1,U04,M04,090208,131010,202040,10,30,1210,1352,  ,,,,,
1,U06,M06,090208,131010,202040,10,30,1210,1352,  ,,,,,
1,U08,M08,090208,131010,202040,10,30,1210,1352,  ,,,,,
1,U10,M26,090208,131010,202040,10,30,1210,1352,  ,,,,,
2,U02,M02,090208,131551,UP350,002640,F0285,R,PR1,2,,,,,
2,U04,M04,090208,141251,UP300,001550,F0185,RW,PR1,1,,,,,
2,U06,M06,090208,141251,UP300,001550,F0020,RW,PR2,1,,,,,
2,U08,M08,090208,141251,UP300,001550,F0020,RW,PR2,1,,,,,
2,U10,M08,090208,141251,LP020,001550,F0020,RW,PR2,1,,,,,
2,U13,M21,090208,145501,LP080,000920,F0179,R,,,,,,,
2,U13,M21,090208,145501,LP080,000920,F0179,R,,,,,,,
2,U04,M04,090208,161551,UP350,002640,F0285,R,PR1,2,,,,,
2,U06,M06,090208,161551,UP350,002640,F0010,R,PR2,2,,,,,
2,U08,M08,090208,161551,UP350,002640,F0010,R,PR2,2,,,,,
2,U10,M27,090208,161551,LP060,002640,F0010,R,PR2,2,,,,,
1,U01,M01,090308,082010,172940,25,55,15455,13558,,,,,,
1,U03,M03,090308,082010,172940,25,55,15455,13558,,,,,,
1,U04,M04,090308,082010,192940,25,55,15455,13558,,,,,,
1,U05,M05,090308,082010,172940,25,55,15455,13558,,,,,,
1,U06,M06,090308,082010,192940,25,55,15455,13558,,,,,,
1,U07,M07,090308,082010,172940,25,55,15455,13558,,,,,,
1,U08,M08,090308,082010,192940,25,55,15455,13558,,,,,,
1,U09,M09,090308,082010,172940,25,55,15455,13558,,,,,,
1,U10,M08,090308,082010,192940,25,55,15455,13558,,,,,,
1,U11,M22,090308,082010,172940,25,55,15455,13558,,,,,,
1,U12,M22,090308,082010,172940,25,55,15455,13558,,,,,,
1,U13,M22,090308,082010,172940,25,55,15455,13558,,,,,,
1,U14,M22,090308,082010,172940,25,55,15455,13558,,,,,,
1,U15,M22,090308,082010,172940,25,55,15455,13558,,,,,,
1,U16,M16,090308,082010,172940,25,55,15455,13558,,,,,,
1,U17,M19,090308,082010,172940,25,55,15455,13558,,,,,,
1,U02,M02,090308,092010,192940,25,55,15455,13558,,,,,,
2,U01,M01,090308,100901,LP010,000340,F0079,R,PR1,5,,,,,
2,U02,M02,090308,100901,UP010,000340,F0079,R,PR1,5,,,,,
2,U03,M03,090308,100901,LP020,000340,F0079,R,PR1,5,,,,,
2,U04,M04,090308,100901,UP010,000340,F0079,R,PR1,5,,,,,
2,U05,M05,090308,100901,UP310,000340,F0010,R,PR2,5,,,,,
2,U06,M06,090308,100901,UP010,000340,F0025,RW,PR2,5,,,,,
2,U07,M07,090308,100901,LP010,000340,F0010,R,PR2,5,,,,,
2,U08,M08,090308,100901,UP010,000340,F0025,RW,PR2,5,,,,,
2,U09,M09,090308,100901,LP095,000340,F0010,R,PR2,5,,,,,
2,U10,M08,090308,100901,UP010,000340,F0025,RW,PR2,5,,,,,
2,U11,M22,090308,100901,UP310,000340,F0100,R,PR3,5,,,,,
2,U12,M22,090308,100901,UP310,000340,F0100,R,PR3,5,,,,,
2,U13,M22,090308,100901,UP310,000340,F0100,R,PR4,5,,,,,
2,U14,M22,090308,100901,UP310,000340,F0100,R,PR4,5,,,,,
2,U15,M22,090308,100901,UP310,000340,F0100,R,PR4,5,,,,,
2,U01,M01,090308,145201,LP050,001040,F0170,RW,PR1,1,,,,,
2,U02,M02,090308,145201,UP150,001040,F0170,RW,PR1,1,,,,,
2,U03,M03,090308,145201,LP060,001040,F0170,RW,PR1,1,,,,,
2,U04,M04,090308,145201,UP150,001040,F0170,RW,PR1,1,,,,,
2,U05,M05,090308,145201,UP350,001040,F0020,RW,PR2,1,,,,,
2,U06,M06,090308,145201,UP150,001040,F0010,RW,PR2,1,,,,,
2,U07,M07,090308,145201,LP050,001040,F0020,RW,PR2,1,,,,,
2,U08,M08,090308,145201,UP150,001040,F0010,RW,PR2,1,,,,,
2,U09,M09,090308,145201,LP075,001040,F0020,RW,PR2,1,,,,,
2,U10,M28,090308,145201,UP150,001040,F0010,RW,PR2,1,,,,,
2,U11,M22,090308,145201,UP350,001040,F0200,R,PR3,1,,,,,
2,U12,M22,090308,145201,UP350,001040,F0200,R,PR3,1,,,,,
2,U13,M22,090308,145201,UP350,001040,F0200,R,PR4,1,,,,,
2,U14,M22,090308,145201,UP350,001040,F0200,R,PR4,1,,,,,
2,U15,M22,090308,145201,UP350,001040,F0200,R,PR4,1,,,,,
2,U01,M01,090308,171251,LP080,000450,F0185,R,PR1,2,,,,,
2,U02,M02,090308,171251,UP170,000450,F0185,R,PR1,2,,,,,
2,U03,M03,090308,171251,LP090,000450,F0185,R,PR1,2,,,,,
2,U04,M04,090308,171251,UP170,000450,F0185,R,PR1,2,,,,,
2,U05,M05,090308,171251,UP380,000450,F0025,RW,PR2,2,,,,,
2,U06,M06,090308,171251,UP170,000450,F0020,R,PR2,2,,,,,
2,U07,M07,090308,171251,LP080,000450,F0025,RW,PR2,2,,,,,
2,U08,M08,090308,171251,UP170,000450,F0020,R,PR2,2,,,,,
2,U09,M09,090308,171251,LP085,000450,F0025,RW,PR2,2,,,,,
2,U10,M28,090308,171251,LP090,000450,F0020,R,PR2,2,,,,,
2,U11,M22,090308,171251,UP380,000450,F0300,R,PR3,2,,,,,
2,U12,M22,090308,171251,UP380,000450,F0300,R,PR3,2,,,,,
2,U13,M22,090308,171251,UP380,000450,F0300,R,PR4,2,,,,,
2,U14,M22,090308,171251,UP380,000450,F0300,R,PR4,2,,,,,
2,U15,M22,090308,171251,UP380,000450,F0300,R,PR4,2,,,,,
1,U01,M01,090408,080540,170340,15,45,17455,17234,,,,,,
1,U03,M03,090408,080540,170340,15,45,17455,17234,,,,,,
1,U05,M05,090408,080540,170340,15,45,17455,17234,,,,,,
1,U07,M07,090408,080540,170340,15,45,17455,17234,,,,,,
1,U09,M09,090408,080540,170340,15,45,17455,17234,,,,,,
1,U11,M23,090408,080540,170340,15,45,17455,17234,,,,,,
1,U02,M02,090408,080840,180340,15,45,17455,17234,,,,,,
1,U04,M04,090408,080840,180340,15,45,17455,17234,,,,,,
1,U06,M06,090408,080840,180340,15,45,17455,17234,,,,,,
1,U08,M08,090408,080840,180340,15,45,17455,17234,,,,,,
1,U10,M29,090408,080840,180340,15,45,17455,17234,,,,,,
1,U12,M23,090408,160540,170340,15,45,17455,17234,,,,,,
1,U13,M23,090408,160540,170340,15,45,17455,17234,,,,,,
1,U14,M23,090408,160540,170340,15,45,17455,17234,,,,,,
1,U15,M23,090408,160540,170340,15,45,17455,17234,,,,,,
1,U16,M16,090408,160540,170340,15,45,17455,17234,,,,,,
1,U17,M19,090408,160540,170340,15,45,17455,17234,,,,,,
1,U01,M01,090508,081540,171340,09,42,12345,13400,,,,,,
1,U03,M03,090508,081540,171340,09,42,12345,13400,,,,,,
1,U05,M05,090508,081540,171340,09,42,12345,13400,,,,,,
1,U07,M07,090508,081540,171340,09,42,12345,13400,,,,,,
1,U09,M09,090508,081540,171340,09,42,12345,13400,,,,,,
1,U11,M24,090508,081540,171340,09,42,12345,13400,,,,,,
1,U02,M02,090508,181540,221340,09,42,12345,13400,,,,,,
1,U04,M04,090508,181540,221340,09,42,12345,13400,,,,,,
1,U06,M06,090508,181540,221340,09,42,12345,13400,,,,,,
1,U08,M08,090508,181540,221340,09,42,12345,13400,,,,,,
1,U10,M08,090508,181540,221340,09,42,12345,13400,,,,,,
1,U12,M24,090508,181540,201340,09,42,12345,13400,,,,,,
1,U13,M24,090508,181540,201340,09,42,12345,13400,,,,,,
1,U14,M24,090508,181540,201340,09,42,12345,13400,,,,,,
1,U15,M24,090508,181540,201340,09,42,12345,13400,,,,,,
1,U16,M16,090508,181540,201340,09,42,12345,13400,,,,,,
1,U17,M19,090508,181540,201340,09,42,12345,13400,,,,,,
1,U18,M18,090608,180010,220040,22,70,12345,12098,,,,,,
1,U19,M19,090608,180010,220040,22,70,12345,12098,,,,,,
3,U18,M18,090608,210656,E5,bob@xyz.com,R,209003,1,,,,,,
3,U19,M19,090608,210656,E4,bob@xyz.com,R,209003,1,,,,,,
3,U18,M18,090608,215302,E5,bob@xyz.com,R,3203045,2,,,,,,
3,U19,M19,090608,215302,E4,bob@xyz.com,R,3203045,2,,,,,,
1,U18,M18,090708,081510,172040,10,30,1210,1352,  ,,,,,
1,U19,M19,090708,081510,172040,10,30,1210,1352,  ,,,,,
1,U12,M25,090808,062540,172340,19,42,12445,13500,,,,,,
1,U13,M25,090808,062540,172340,19,42,12445,13500,,,,,,
1,U14,M25,090808,062540,172340,19,42,12445,13500,,,,,,
1,U15,M25,090808,062540,172340,19,42,12445,13500,,,,,,
1,U16,M16,090808,062540,172340,19,42,12445,13500,,,,,,
1,U17,M19,090808,062540,172340,19,42,12445,13500,,,,,,
1,U01,M01,090808,082540,172340,19,42,12445,13500,,,,,,
1,U03,M03,090808,082540,172340,19,42,12445,13500,,,,,,
1,U05,M05,090808,082540,172340,19,42,12445,13500,,,,,,
1,U07,M07,090808,082540,172340,19,42,12445,13500,,,,,,
1,U09,M09,090808,082540,172340,19,42,12445,13500,,,,,,
1,U11,M25,090808,082540,172340,19,42,12445,13500,,,,,,
2,U01,M01,090808,083901,LP010,000340,F0079,R,PR1,20,,,,,
2,U02,M02,090808,083901,UP010,000340,F0079,R,PR1,20,,,,,
2,U03,M03,090808,083901,LP020,000340,F0079,R,PR1,20,,,,,
2,U04,M04,090808,083901,UP010,000340,F0079,R,PR1,20,,,,,
2,U05,M05,090808,083901,UP310,000340,F0010,RW,PR2,20,,,,,
2,U06,M06,090808,083901,UP010,000340,F0010,R,PR2,20,,,,,
2,U07,M07,090808,083901,LP010,000340,F0010,RW,PR2,20,,,,,
2,U08,M08,090808,083901,UP010,000340,F0010,R,PR2,20,,,,,
2,U09,M09,090808,083901,LP095,000340,F0010,RW,PR2,20,,,,,
2,U10,M29,090808,083901,UP010,000340,F0010,R,PR2,20,,,,,
2,U11,M25,090808,083901,UP310,000340,F0100,R,PR3,20,,,,,
2,U12,M25,090808,083901,UP310,000340,F0100,R,PR3,20,,,,,
2,U13,M25,090808,083901,UP310,000340,F0100,R,PR4,20,,,,,
2,U14,M25,090808,083901,UP310,000340,F0100,R,PR4,20,,,,,
2,U15,M25,090808,083901,UP310,000340,F0100,R,PR4,20,,,,,
3,U01,M01,090808,100656,E1,jones@pqr.com,S,2090,0,,,,,,
3,U02,M02,090808,100656,E1,jones@pqr.com,S,2090,0,,,,,,
3,U03,M03,090808,100656,E1,jones@pqr.com,S,2090,0,,,,,,
3,U04,M04,090808,100656,E1,jones@pqr.com,S,2090,0,,,,,,
3,U05,M05,090808,100656,E1,jones@pqr.com,S,2090,0,,,,,,
3,U06,M06,090808,100656,E1,smith@abc.org,R,2090,0,,,,,,
3,U07,M07,090808,100656,E1,smith@abc.org,S,2090,0,,,,,,
3,U08,M08,090808,100656,E1,smith@abc.org,R,2090,0,,,,,,
3,U09,M09,090808,100656,E3,smith@abc.org,S,2090,0,,,,,,
3,U10,M30,090808,100656,E3,smith@abc.org,R,2090,0,,,,,,
3,U11,M25,090808,100656,E1,xyz@sai.org,S,2090,0,,,,,,
3,U12,M25,090808,100656,E1,xyz@sai.org,S,2090,0,,,,,,
3,U13,M25,090808,100656,E1,xyz@sai.org,S,2090,0,,,,,,
3,U14,M25,090808,100656,E1,xyz@sai.org,S,2090,0,,,,,,
3,U15,M25,090808,100656,E1,bob@xyz.com,R,2090,0,,,,,,
3,U16,M16,090808,100656,E1,bob@xyz.com,R,2090,0,,,,,,
3,U17,M19,090808,100656,E4,bob@xyz.com,R,2090,0,,,,,,
2,U01,M01,090808,125201,LP050,001040,F0170,RW,PR1,3,,,,,
2,U02,M02,090808,125201,UP150,001040,F0170,RW,PR1,3,,,,,
2,U03,M03,090808,125201,LP060,001040,F0170,RW,PR1,3,,,,,
2,U04,M04,090808,125201,UP150,001040,F0170,RW,PR1,3,,,,,
2,U05,M05,090808,125201,UP350,001040,F0020,RW,PR2,3,,,,,
2,U06,M06,090808,125201,UP150,001040,F0025,RW,PR2,3,,,,,
2,U07,M07,090808,125201,LP050,001040,F0020,RW,PR2,3,,,,,
2,U08,M08,090808,125201,UP150,001040,F0025,RW,PR2,3,,,,,
2,U09,M09,090808,125201,LP075,001040,F0020,RW,PR2,3,,,,,
2,U10,M08,090808,125201,UP150,001040,F0025,RW,PR2,3,,,,,
2,U11,M25,090808,125201,UP350,001040,F0200,R,PR3,3,,,,,
2,U12,M25,090808,125201,UP350,001040,F0200,R,PR3,3,,,,,
2,U13,M25,090808,125201,UP350,001040,F0200,R,PR4,3,,,,,
2,U14,M25,090808,125201,UP350,001040,F0200,R,PR4,3,,,,,
2,U15,M25,090808,125201,UP350,001040,F0200,R,PR4,3,,,,,
2,U01,M01,090808,151251,LP080,000450,F0185,R,PR1,12,,,,,
2,U02,M02,090808,151251,UP170,000450,F0185,R,PR1,12,,,,,
2,U03,M03,090808,151251,LP090,000450,F0185,R,PR1,12,,,,,
2,U04,M04,090808,151251,UP170,000450,F0185,R,PR1,12,,,,,
2,U05,M05,090808,151251,UP380,000450,F0025,RW,PR2,12,,,,,
2,U06,M06,090808,151251,UP170,000450,F0020,RW,PR2,12,,,,,
2,U07,M07,090808,151251,LP080,000450,F0025,RW,PR2,12,,,,,
2,U08,M08,090808,151251,UP170,000450,F0020,RW,PR2,12,,,,,
2,U09,M09,090808,151251,LP085,000450,F0025,RW,PR2,12,,,,,
2,U10,M30,090808,151251,UP170,000450,F0020,RW,PR2,12,,,,,
2,U11,M25,090808,151251,UP380,000450,F0300,R,PR3,12,,,,,
2,U12,M25,090808,151251,UP380,000450,F0300,R,PR3,12,,,,,
2,U13,M25,090808,151251,UP380,000450,F0300,R,PR4,12,,,,,
2,U14,M25,090808,151251,UP380,000450,F0300,R,PR4,12,,,,,
2,U15,M25,090808,151251,UP380,000450,F0300,R,PR4,12,,,,,
3,U01,M01,090808,160302,E1,jones@pqr.com,S,3203,0,,,,,,
3,U02,M02,090808,160302,E1,jones@pqr.com,S,3203,0,,,,,,
3,U03,M03,090808,160302,E1,jones@pqr.com,S,3203,0,,,,,,
3,U04,M04,090808,160302,E1,jones@pqr.com,S,3203,0,,,,,,
3,U05,M05,090808,160302,E1,jones@pqr.com,S,3203,0,,,,,,
3,U06,M06,090808,160302,E1,smith@abc.org,R,3203,0,,,,,,
3,U07,M07,090808,160302,E1,smith@abc.org,S,3203,0,,,,,,
3,U08,M08,090808,160302,E1,smith@abc.org,R,3203,0,,,,,,
3,U09,M09,090808,160302,E3,smith@abc.org,S,3203,0,,,,,,
3,U10,M30,090808,160302,E3,smith@abc.org,R,3203,0,,,,,,
3,U11,M25,090808,160302,E1,xyz@sai.org,S,3203,0,,,,,,
3,U12,M25,090808,160302,E1,xyz@sai.org,S,3203,0,,,,,,
3,U13,M25,090808,160302,E1,xyz@sai.org,S,3203,0,,,,,,
3,U14,M25,090808,160302,E1,xyz@sai.org,S,3203,0,,,,,,
3,U15,M25,090808,160302,E1,bob@xyz.com,R,3203,0,,,,,,
3,U16,M16,090808,160302,E1,bob@xyz.com,R,3203,0,,,,,,
3,U17,M19,090808,160302,E4,bob@xyz.com,R,3203,0,,,,,,
1,U02,M02,090808,182540,222340,19,42,12445,13500,,,,,,
1,U04,M04,090808,182540,222340,19,42,12445,13500,,,,,,
1,U06,M06,090808,182540,222340,19,42,12445,13500,,,,,,
1,U08,M08,090808,182540,222340,19,42,12445,13500,,,,,,
1,U10,M08,090808,182540,222340,19,42,12445,13500,,,,,,
1,U01,M01,090908,080010,172040,22,70,12345,12098,,,,,,
1,U02,M02,090908,080010,172040,22,70,12345,12098,,,,,,
1,U03,M03,090908,080010,172040,22,70,12345,12098,,,,,,
1,U04,M04,090908,080010,172040,22,70,12345,12098,,,,,,
1,U05,M05,090908,080010,172040,22,70,12345,12098,,,,,,
1,U06,M06,090908,080010,172040,22,70,12345,12098,,,,,,
1,U07,M07,090908,080010,172040,22,70,12345,12098,,,,,,
1,U08,M08,090908,080010,172040,22,70,12345,12098,,,,,,
1,U09,M09,090908,080010,172040,22,70,12345,12098,,,,,,
1,U10,M08,090908,080010,172040,22,70,12345,12098,,,,,,
1,U11,M26,090908,080010,172040,22,70,12345,12098,,,,,,
1,U12,M26,090908,120010,172040,22,70,12345,12098,,,,,,
1,U13,M26,090908,120010,172040,22,70,12345,12098,,,,,,
1,U14,M26,090908,120010,172040,22,70,12345,12098,,,,,,
1,U15,M26,090908,120010,172040,22,70,12345,12098,,,,,,
1,U16,M16,090908,120010,172040,22,70,12345,12098,,,,,,
1,U17,M19,090908,120010,172040,22,70,12345,12098,,,,,,
2,U02,M02,090908,121251,UP300,001550,F0185,RW,PR1,1,,,,,
2,U04,M04,090908,121251,UP300,001550,F0185,RW,PR1,1,,,,,
2,U06,M06,090908,121251,UP300,001550,F0010,RW,PR2,1,,,,,
2,U08,M08,090908,121251,UP300,001550,F0010,RW,PR2,1,,,,,
2,U10,M08,090908,121251,UP300,001550,F0010,RW,PR2,1,,,,,
2,U02,M02,090908,131551,UP350,002640,F0285,R,PR1,2,,,,,
2,U04,M04,090908,131551,UP350,002640,F0285,R,PR1,2,,,,,
2,U06,M06,090908,131551,UP350,002640,F0025,R,PR2,2,,,,,
2,U08,M08,090908,131551,UP350,002640,F0025,R,PR2,2,,,,,
2,U10,M21,090908,131551,UP350,002640,F0025,R,PR2,2,,,,,
1,U01,M01,091008,081010,172340,10,30,1210,1352,,,,,,
1,U03,M03,091008,081010,172340,10,30,1210,1352,,,,,,
1,U05,M05,091008,081010,172340,10,30,1210,1352,,,,,,
1,U07,M07,091008,081010,172340,10,30,1210,1352,,,,,,
1,U09,M09,091008,081010,172340,10,30,1210,1352,,,,,,
1,U11,M27,091008,081010,172340,10,30,1210,1352,,,,,,
1,U02,M02,091008,101010,212340,10,30,1210,1352,,,,,,
1,U04,M04,091008,101010,212340,10,30,1210,1352,,,,,,
1,U06,M06,091008,101010,212340,10,30,1210,1352,,,,,,
1,U08,M08,091008,101010,212340,10,30,1210,1352,,,,,,
1,U10,M30,091008,101010,212340,10,30,1210,1352,,,,,,
1,U12,M27,091008,151010,172340,10,30,1210,1352,,,,,,
1,U13,M27,091008,151010,172340,10,30,1210,1352,,,,,,
1,U14,M27,091008,151010,172340,10,30,1210,1352,,,,,,
1,U15,M27,091008,151010,172340,10,30,1210,1352,,,,,,
1,U16,M16,091008,151010,172340,10,30,1210,1352,,,,,,
1,U17,M19,091008,151010,172340,10,30,1210,1352,,,,,,
1,U01,M01,091108,080010,172940,25,55,15455,13558,,,,,,
1,U02,M02,091108,080010,172940,25,55,15455,13558,,,,,,
1,U03,M03,091108,080010,172940,25,55,15455,13558,,,,,,
1,U04,M04,091108,080010,172940,25,55,15455,13558,,,,,,
1,U05,M05,091108,080010,172940,25,55,15455,13558,,,,,,
1,U06,M06,091108,080010,172940,25,55,15455,13558,,,,,,
1,U07,M07,091108,080010,172940,25,55,15455,13558,,,,,,
1,U08,M08,091108,080010,172940,25,55,15455,13558,,,,,,
1,U09,M09,091108,080010,172940,25,55,15455,13558,,,,,,
1,U10,M22,091108,080010,172940,25,55,15455,13558,,,,,,
1,U11,M28,091108,080010,172940,25,55,15455,13558,,,,,,
1,U12,M28,091108,080010,172940,25,55,15455,13558,,,,,,
1,U13,M28,091108,080010,172940,25,55,15455,13558,,,,,,
1,U14,M28,091108,080010,172940,25,55,15455,13558,,,,,,
1,U15,M28,091108,080010,172940,25,55,15455,13558,,,,,,
1,U16,M16,091108,080010,172940,25,55,15455,13558,,,,,,
1,U17,M19,091108,080010,172940,25,55,15455,13558,,,,,,
2,U01,M01,091108,090201,LP010,000340,F0059,R,PR1,4,,,,,
2,U02,M02,091108,090201,UP010,000340,F0059,R,PR1,4,,,,,
2,U03,M03,091108,090201,LP020,000340,F0059,R,PR1,4,,,,,
2,U04,M04,091108,090201,UP010,000340,F0059,R,PR1,4,,,,,
2,U05,M05,091108,090201,UP310,000340,F0010,R,PR2,4,,,,,
2,U06,M06,091108,090201,UP010,000340,F0020,RW,PR2,4,,,,,
2,U07,M07,091108,090201,LP010,000340,F0010,R,PR2,4,,,,,
2,U08,M08,091108,090201,UP010,000340,F0020,RW,PR2,4,,,,,
2,U09,M09,091108,090201,LP095,000340,F0010,R,PR2,4,,,,,
2,U10,M23,091108,090201,UP010,000340,F0020,RW,PR2,4,,,,,
2,U11,M28,091108,090201,UP310,000340,F0100,R,PR3,4,,,,,
2,U12,M28,091108,090201,UP310,000340,F0100,R,PR3,4,,,,,
2,U13,M28,091108,090201,UP310,000340,F0100,R,PR4,4,,,,,
2,U14,M28,091108,090201,UP310,000340,F0100,R,PR4,4,,,,,
2,U15,M28,091108,090201,UP310,000340,F0100,R,PR4,4,,,,,
2,U16,M16,091108,090201,UP310,000340,F0111,R,PR4,4,,,,,
2,U17,M19,091108,090201,LP060,000340,F0111,R,PR6,4,,,,,
2,U01,M01,091108,115201,LP050,001040,F0070,RW,PR1,5,,,,,
2,U02,M02,091108,115201,UP150,001040,F0070,RW,PR1,5,,,,,
2,U03,M03,091108,115201,LP060,001040,F0070,RW,PR1,5,,,,,
2,U04,M04,091108,115201,UP150,001040,F0070,RW,PR1,5,,,,,
2,U05,M05,091108,115201,UP350,001040,F0020,RW,PR2,5,,,,,
2,U06,M06,091108,115201,UP150,001040,F0010,RW,PR2,5,,,,,
2,U07,M07,091108,115201,LP050,001040,F0020,RW,PR2,5,,,,,
2,U08,M08,091108,115201,UP150,001040,F0010,RW,PR2,5,,,,,
2,U09,M09,091108,115201,LP075,001040,F0020,RW,PR2,5,,,,,
2,U10,M08,091108,115201,UP150,001040,F0010,RW,PR2,5,,,,,
2,U11,M28,091108,115201,UP350,001040,F0200,R,PR3,5,,,,,
2,U12,M28,091108,115201,UP350,001040,F0200,R,PR3,5,,,,,
2,U13,M28,091108,115201,UP350,001040,F0200,R,PR4,5,,,,,
2,U14,M28,091108,115201,UP350,001040,F0200,R,PR4,5,,,,,
2,U15,M28,091108,115201,UP350,001040,F0200,R,PR4,5,,,,,
2,U16,M16,091108,115201,UP350,001040,F0222,R,PR4,5,,,,,
2,U17,M19,091108,115201,LP020,001040,F0222,R,PR6,5,,,,,
1,U01,M01,091208,082540,173000,15,45,17455,17234,,,,,,
1,U03,M03,091208,082540,173000,15,45,17455,17234,,,,,,
1,U05,M05,091208,082540,173000,15,45,17455,17234,,,,,,
1,U07,M07,091208,082540,173000,15,45,17455,17234,,,,,,
1,U09,M09,091208,082540,173000,15,45,17455,17234,,,,,,
1,U11,M29,091208,082540,173000,15,45,17455,17234,,,,,,
1,U02,M02,091208,122540,153000,15,45,17455,17234,,,,,,
1,U04,M04,091208,122540,153000,15,45,17455,17234,,,,,,
1,U06,M06,091208,122540,153000,15,45,17455,17234,,,,,,
1,U08,M08,091208,122540,153000,15,45,17455,17234,,,,,,
1,U10,M24,091208,122540,153000,15,45,17455,17234,,,,,,
1,U12,M29,091208,162540,173000,15,45,17455,17234,,,,,,
1,U13,M29,091208,162540,173000,15,45,17455,17234,,,,,,
1,U14,M29,091208,162540,173000,15,45,17455,17234,,,,,,
1,U15,M29,091208,162540,173000,15,45,17455,17234,,,,,,
1,U16,M16,091208,162540,173000,15,45,17455,17234,,,,,,
1,U17,M19,091208,162540,173000,15,45,17455,17234,,,,,,
3,U18,M18,091308,100656,E5,bob@xyz.com,R,2090,0,,,,,,
3,U19,M19,091308,100656,E4,bob@xyz.com,R,2090,0,,,,,,
3,U18,M18,091308,160302,E5,bob@xyz.com,R,3203,0,,,,,,
3,U19,M19,091308,160302,E4,bob@xyz.com,R,3203,0,,,,,,
1,U18,M18,091408,120010,172040,22,70,12345,12098,,,,,,
1,U19,M19,091408,120010,172040,22,70,12345,12098,,,,,,
2,U18,M18,091408,160201,UP082,000340,F0111,R,PR5,4,,,,,
2,U19,M19,091408,160201,LP060,000340,F0111,R,PR6,4,,,,,
2,U18,M18,091408,165201,UP029,001040,F0222,R,PR5,5,,,,,
2,U19,M19,091408,165201,LP020,001040,F0222,R,PR6,5,,,,,
1,U12,M30,091508,060540,171740,09,42,12345,13400,,,,,,
1,U13,M30,091508,060540,171740,09,42,12345,13400,,,,,,
1,U14,M30,091508,060540,171740,09,42,12345,13400,,,,,,
1,U15,M30,091508,060540,171740,09,42,12345,13400,,,,,,
1,U16,M16,091508,060540,171740,09,42,12345,13400,,,,,,
1,U17,M19,091508,060540,171740,09,42,12345,13400,,,,,,
1,U18,M18,091508,060540,171740,09,42,12345,13400,,,,,,
1,U19,M19,091508,060540,171740,09,42,12345,13400,,,,,,
1,U01,M01,091508,080540,171740,09,42,12345,13400,,,,,,
1,U03,M03,091508,080540,171740,09,42,12345,13400,,,,,,
1,U05,M05,091508,080540,171740,09,42,12345,13400,,,,,,
1,U07,M07,091508,080540,171740,09,42,12345,13400,,,,,,
1,U09,M09,091508,080540,171740,09,42,12345,13400,,,,,,
1,U11,M30,091508,080540,171740,09,42,12345,13400,,,,,,
1,U02,M02,091508,120540,171740,09,42,12345,13400,,,,,,
1,U04,M04,091508,120540,171740,09,42,12345,13400,,,,,,
1,U06,M06,091508,120540,171740,09,42,12345,13400,,,,,,
1,U08,M08,091508,120540,171740,09,42,12345,13400,,,,,,
1,U10,M26,091508,120540,171740,09,42,12345,13400,,,,,,
1,U01,M01,091608,081540,171300,19,42,12445,13500,,,,,,
1,U03,M03,091608,081540,171300,19,42,12445,13500,,,,,,
1,U05,M05,091608,081540,171300,19,42,12445,13500,,,,,,
1,U07,M07,091608,081540,171300,19,42,12445,13500,,,,,,
1,U09,M09,091608,081540,171300,19,42,12445,13500,,,,,,
1,U11,M30,091608,081540,171300,19,42,12445,13500,,,,,,
1,U12,M30,091608,121540,171300,19,42,12445,13500,,,,,,
1,U13,M30,091608,121540,171300,19,42,12445,13500,,,,,,
1,U14,M30,091608,121540,171300,19,42,12445,13500,,,,,,
1,U15,M30,091608,121540,171300,19,42,12445,13500,,,,,,
1,U16,M16,091608,121540,171300,19,42,12445,13500,,,,,,
1,U17,M19,091608,121540,171300,19,42,12445,13500,,,,,,
1,U02,M02,091608,181540,231300,19,42,12445,13500,,,,,,
1,U04,M04,091608,181540,231300,19,42,12445,13500,,,,,,
1,U06,M06,091608,181540,231300,19,42,12445,13500,,,,,,
1,U08,M08,091608,181540,231300,19,42,12445,13500,,,,,,
1,U10,M26,091608,181540,231300,19,42,12445,13500,,,,,,
1,U12,M21,091708,051010,170040,22,70,12345,12098,,,,,,
1,U13,M25,091708,051010,170040,22,70,12345,12098,,,,,,
1,U14,M14,091708,051010,170040,22,70,12345,12098,,,,,,
1,U15,M21,091708,051010,170040,22,70,12345,12098,,,,,,
1,U16,M16,091708,051010,170040,22,70,12345,12098,,,,,,
1,U17,M19,091708,051010,170040,22,70,12345,12098,,,,,,
1,U01,M01,091708,081010,170040,22,70,12345,12098,,,,,,
1,U03,M03,091708,081010,170040,22,70,12345,12098,,,,,,
1,U05,M05,091708,081010,170040,22,70,12345,12098,,,,,,
1,U07,M07,091708,081010,170040,22,70,12345,12098,,,,,,
1,U09,M09,091708,081010,170040,22,70,12345,12098,,,,,,
1,U11,M21,091708,081010,170040,22,70,12345,12098,,,,,,
1,U02,M02,091708,121010,190040,22,70,12345,12098,,,,,,
1,U04,M04,091708,121010,190040,22,70,12345,12098,,,,,,
1,U06,M06,091708,121010,190040,22,70,12345,12098,,,,,,
1,U08,M08,091708,121010,190040,22,70,12345,12098,,,,,,
1,U10,M27,091708,121010,190040,22,70,12345,12098,,,,,,
1,U12,M25,091808,072010,172040,10,30,1210,1352,,,,,,
1,U13,M25,091808,072010,172040,10,30,1210,1352,,,,,,
1,U14,M14,091808,072010,172040,10,30,1210,1352,,,,,,
1,U15,M25,091808,072010,172040,10,30,1210,1352,,,,,,
1,U16,M16,091808,072010,172040,10,30,1210,1352,,,,,,
1,U17,M19,091808,072010,172040,10,30,1210,1352,,,,,,
1,U01,M01,091808,082010,172040,10,30,1210,1352,,,,,,
1,U02,M02,091808,082010,172040,10,30,1210,1352,,,,,,
1,U03,M03,091808,082010,172040,10,30,1210,1352,,,,,,
1,U04,M04,091808,082010,172040,10,30,1210,1352,,,,,,
1,U05,M05,091808,082010,172040,10,30,1210,1352,,,,,,
1,U06,M06,091808,082010,172040,10,30,1210,1352,,,,,,
1,U07,M07,091808,082010,172040,10,30,1210,1352,,,,,,
1,U08,M08,091808,082010,172040,10,30,1210,1352,,,,,,
1,U09,M09,091808,082010,172040,10,30,1210,1352,,,,,,
1,U10,M08,091808,082010,172040,10,30,1210,1352,,,,,,
1,U11,M22,091808,082010,172040,10,30,1210,1352,,,,,,
3,U01,M01,091808,100656,E1,jones@pqr.com,S,132090,1,,,,,,
3,U02,M02,091808,100656,E1,jones@pqr.com,S,132090,1,,,,,,
3,U03,M03,091808,100656,E1,jones@pqr.com,S,132090,1,,,,,,
3,U04,M04,091808,100656,E1,jones@pqr.com,S,132090,1,,,,,,
3,U05,M05,091808,100656,E1,jones@pqr.com,S,132090,1,,,,,,
3,U06,M06,091808,100656,E1,smith@abc.org,R,132090,1,,,,,,
3,U07,M07,091808,100656,E1,smith@abc.org,S,132090,1,,,,,,
3,U08,M08,091808,100656,E1,smith@abc.org,R,132090,1,,,,,,
3,U09,M09,091808,100656,E3,smith@abc.org,S,132090,1,,,,,,
3,U10,M08,091808,100656,E3,smith@abc.org,R,132090,1,,,,,,
3,U11,M22,091808,100656,E1,xyz@sai.org,S,132090,1,,,,,,
3,U12,M25,091808,100656,E1,xyz@sai.org,S,132090,1,,,,,,
3,U13,M25,091808,100656,E1,xyz@sai.org,S,132090,1,,,,,,
3,U14,M14,091808,100656,E1,xyz@sai.org,S,132090,1,,,,,,
3,U15,M25,091808,100656,E1,bob@xyz.com,R,132090,1,,,,,,
3,U16,M16,091808,100656,E1,bob@xyz.com,R,132090,1,,,,,,
3,U17,M19,091808,100656,E4,bob@xyz.com,R,132090,1,,,,,,
2,U01,M01,091808,125201,LP050,001040,F0170,RW,PR1,7,,,,,
2,U02,M02,091808,125201,UP150,001040,F0170,RW,PR1,7,,,,,
2,U03,M03,091808,125201,LP060,001040,F0170,RW,PR1,7,,,,,
2,U04,M04,091808,125201,UP150,001040,F0170,RW,PR1,7,,,,,
2,U05,M05,091808,125201,UP350,001040,F0020,RW,PR2,7,,,,,
2,U06,M06,091808,125201,UP150,001040,F0025,RW,PR2,7,,,,,
2,U07,M07,091808,125201,LP050,001040,F0020,RW,PR2,7,,,,,
2,U08,M08,091808,125201,UP150,001040,F0025,RW,PR2,7,,,,,
2,U09,M09,091808,125201,LP075,001040,F0020,RW,PR2,7,,,,,
2,U10,M08,091808,125201,UP150,001040,F0025,RW,PR2,7,,,,, 
2,U11,M22,091808,125201,UP350,001040,F0200,R,PR3,7,,,,,
2,U12,M25,091808,125201,UP350,001040,F0200,R,PR3,7,,,,,
2,U13,M25,091808,125201,UP350,001040,F0200,R,PR4,7,,,,,
2,U14,M14,091808,125201,UP350,001040,F0200,R,PR4,7,,,,,
2,U15,M25,091808,125201,UP350,001040,F0200,R,PR4,7,,,,,
2,U16,M16,091808,125201,UP350,001040,F0200,R,PR4,7,,,,,
2,U17,M19,091808,125201,LP020,001040,F0200,R,PR6,7,,,,,
2,U02,M02,091808,131551,UP350,002640,F0285,R,PR1,2,,,,,
2,U04,M04,091808,131551,UP350,002640,F0285,R,PR1,2,,,,,
2,U06,M06,091808,131551,UP350,002640,F0010,RW,PR2,2,,,,,
2,U08,M08,091808,131551,UP350,002640,F0010,RW,PR2,2,,,,,
2,U10,M08,091808,131551,UP350,002640,F0010,RW,PR2,2,,,,,
3,U01,M01,091808,160302,E1,jones@pqr.com,S,456780,1,,,,,,
3,U02,M02,091808,160302,E1,jones@pqr.com,S,456780,1,,,,,,
3,U03,M03,091808,160302,E1,jones@pqr.com,S,456780,1,,,,,,
3,U04,M04,091808,160302,E1,jones@pqr.com,S,456780,1,,,,,,
3,U05,M05,091808,160302,E1,jones@pqr.com,S,456780,1,,,,,,
3,U06,M06,091808,160302,E1,smith@abc.org,R,456780,1,,,,,,
3,U07,M07,091808,160302,E1,smith@abc.org,S,456780,1,,,,,,
3,U08,M08,091808,160302,E1,smith@abc.org,R,456780,1,,,,,,
3,U09,M09,091808,160302,E3,smith@abc.org,S,456780,1,,,,,,
3,U10,M08,091808,160302,E3,smith@abc.org,R,456780,1,,,,,,
3,U11,M22,091808,160302,E1,xyz@sai.org,S,456780,1,,,,,,
3,U12,M25,091808,160302,E1,xyz@sai.org,S,456780,1,,,,,,
3,U13,M25,091808,160302,E1,xyz@sai.org,S,456780,1,,,,,,
3,U14,M14,091808,160302,E1,xyz@sai.org,S,456780,1,,,,,,
3,U15,M25,091808,160302,E1,bob@xyz.com,R,456780,1,,,,,,
3,U16,M16,091808,160302,E1,bob@xyz.com,R,456780,1,,,,,,
3,U17,M19,091808,160302,E4,bob@xyz.com,R,456780,1,,,,,,
1,U02,M02,091908,062310,152940,25,55,15455,13558,,,,,,
1,U04,M04,091908,062310,152940,25,55,15455,13558,,,,,,
1,U06,M06,091908,062310,152940,25,55,15455,13558,,,,,,
1,U08,M08,091908,062310,152940,25,55,15455,13558,,,,,,
1,U10,M08,091908,062310,152940,25,55,15455,13558,,,,,,
1,U01,M01,091908,082310,172940,25,55,15455,13558,,,,,,
1,U03,M03,091908,082310,172940,25,55,15455,13558,,,,,,
1,U05,M05,091908,082310,172940,25,55,15455,13558,,,,,,
1,U07,M07,091908,082310,172940,25,55,15455,13558,,,,,,
1,U09,M09,091908,082310,172940,25,55,15455,13558,,,,,,
1,U11,M21,091908,082310,172940,25,55,15455,13558,,,,,,
1,U12,M21,091908,082310,172940,25,55,15455,13558,,,,,,
1,U13,M21,091908,082310,172940,25,55,15455,13558,,,,,,
1,U14,M21,091908,082310,172940,25,55,15455,13558,,,,,,
1,U15,M21,091908,082310,172940,25,55,15455,13558,,,,,,
1,U16,M16,091908,082310,172940,25,55,15455,13558,,,,,,
1,U17,M19,091908,082310,172940,25,55,15455,13558,,,,,,
1,U18,M18,092008,072010,172040,10,30,1210,1352,,,,,,
1,U19,M19,092008,072010,172040,10,30,1210,1352,,,,,,
3,U18,M18,092008,100656,E5,bob@xyz.com,R,132090,1,,,,,,
3,U19,M19,092008,100656,E4,bob@xyz.com,R,132090,1,,,,,,
2,U18,M18,092008,125201,UP400,001040,F0200,R,PR5,7,,,,,
2,U19,M19,092008,125201,LP020,001040,F0200,R,PR6,7,,,,,
3,U18,M18,092008,160302,E5,bob@xyz.com,R,456780,1,,,,,,
3,U19,M19,092008,160302,E4,bob@xyz.com,R,456780,1,,,,,,
1,U18,M18,092108,082540,170340,15,45,17455,17234,,,,,,
1,U19,M19,092108,082540,170340,15,45,17455,17234,,,,,,
2,U18,M18,092108,090201,UP111,000340,F0333,R,PR5,3,,,,,
2,U19,M19,092108,090201,LP060,000340,F0333,R,PR6,3,,,,,
2,U18,M18,092108,115201,UP134,001040,F0444,R,PR5,12,,,,,
2,U19,M19,092108,115201,LP020,001040,F0444,R,PR6,12,,,,,
2,U18,M18,092108,131251,UP290,000450,F0555,R,PR5,5,,,,,
2,U19,M19,092108,131251,LP090,000450,F0555,R,PR6,5,,,,,
1,U01,M01,092208,082540,170340,15,45,17455,17234,,,,,,
1,U02,M02,092208,082540,170340,15,45,17455,17234,,,,,,
1,U03,M03,092208,082540,170340,15,45,17455,17234,,,,,,
1,U04,M04,092208,082540,170340,15,45,17455,17234,,,,,,
1,U05,M05,092208,082540,170340,15,45,17455,17234,,,,,,
1,U06,M06,092208,082540,170340,15,45,17455,17234,,,,,,
1,U07,M07,092208,082540,170340,15,45,17455,17234,,,,,,
1,U08,M08,092208,082540,170340,15,45,17455,17234,,,,,,
1,U09,M09,092208,082540,170340,15,45,17455,17234,,,,,,
1,U10,M26,092208,082540,170340,15,45,17455,17234,,,,,,
1,U11,M25,092208,082540,170340,15,45,17455,17234,,,,,,
1,U12,M25,092208,082540,170340,15,45,17455,17234,,,,,,
1,U13,M25,092208,082540,170340,15,45,17455,17234,,,,,,
1,U14,M25,092208,082540,170340,15,45,17455,17234,,,,,,
1,U15,M25,092208,082540,170340,15,45,17455,17234,,,,,,
1,U16,M16,092208,082540,170340,15,45,17455,17234,,,,,,
1,U17,M19,092208,082540,170340,15,45,17455,17234,,,,,,
2,U01,M01,092208,090201,LP010,000340,F0159,R,PR1,3,,,,,
2,U02,M02,092208,090201,UP010,000340,F0159,R,PR1,3,,,,,
2,U03,M03,092208,090201,LP020,000340,F0159,R,PR1,3,,,,,
2,U04,M04,092208,090201,UP010,000340,F0159,R,PR1,3,,,,,
2,U05,M05,092208,090201,UP310,000340,F0010,RW,PR2,3,,,,,
2,U06,M06,092208,090201,UP010,000340,F0010,R,PR2,3,,,,,
2,U07,M07,092208,090201,LP010,000340,F0010,RW,PR2,3,,,,,
2,U08,M08,092208,090201,UP010,000340,F0010,R,PR2,3,,,,,
2,U09,M09,092208,090201,LP095,000340,F0010,RW,PR2,3,,,,,
2,U10,M26,092208,090201,UP010,000340,F0010,R,PR2,3,,,,,
2,U11,M25,092208,090201,UP310,000340,F0100,R,PR3,3,,,,,
2,U12,M25,092208,090201,UP310,000340,F0100,R,PR3,3,,,,,
2,U13,M25,092208,090201,UP310,000340,F0100,R,PR4,3,,,,,
2,U14,M25,092208,090201,UP310,000340,F0100,R,PR4,3,,,,,
2,U15,M25,092208,090201,UP310,000340,F0100,R,PR4,3,,,,,
2,U16,M16,092208,090201,UP310,000340,F0333,R,PR4,3,,,,,
2,U17,M19,092208,090201,LP060,000340,F0333,R,PR6,3,,,,,
2,U01,M01,092208,115201,LP050,001040,F0270,RW,PR1,12,,,,,
2,U02,M02,092208,115201,UP150,001040,F0270,RW,PR1,12,,,,,
2,U03,M03,092208,115201,LP060,001040,F0270,RW,PR1,12,,,,,
2,U04,M04,092208,115201,UP150,001040,F0270,RW,PR1,12,,,,,
2,U05,M05,092208,115201,UP350,001040,F0020,RW,PR2,12,,,,,
2,U06,M06,092208,115201,UP150,001040,F0025,RW,PR2,12,,,,,
2,U07,M07,092208,115201,LP050,001040,F0020,RW,PR2,12,,,,,
2,U08,M08,092208,115201,UP150,001040,F0025,RW,PR2,12,,,,,
2,U09,M09,092208,115201,LP075,001040,F0020,RW,PR2,12,,,,,
2,U10,M26,092208,115201,LP020,001040,F0025,RW,PR2,12,,,,,
2,U11,M25,092208,115201,UP350,001040,F0200,R,PR3,12,,,,,
2,U12,M25,092208,115201,UP350,001040,F0200,R,PR3,12,,,,,
2,U13,M25,092208,115201,UP350,001040,F0200,R,PR4,12,,,,,
2,U14,M25,092208,115201,UP350,001040,F0200,R,PR4,12,,,,,
2,U15,M25,092208,115201,UP350,001040,F0200,R,PR4,12,,,,,
2,U16,M16,092208,115201,UP350,001040,F0444,R,PR4,12,,,,,
2,U17,M19,092208,115201,LP020,001040,F0444,R,PR6,12,,,,,
2,U01,M01,092208,131251,LP080,000450,F0385,R,PR1,5,,,,,
2,U02,M02,092208,131251,UP170,000450,F0385,R,PR1,5,,,,,
2,U03,M03,092208,131251,LP090,000450,F0385,R,PR1,5,,,,,
2,U04,M04,092208,131251,UP170,000450,F0385,R,PR1,5,,,,,
2,U05,M05,092208,131251,UP380,000450,F0025,RW,PR2,5,,,,,
2,U06,M06,092208,131251,UP170,000450,F0020,RW,PR2,5,,,,,
2,U07,M07,092208,131251,LP080,000450,F0025,RW,PR2,5,,,,,
2,U08,M08,092208,131251,UP170,000450,F0020,RW,PR2,5,,,,,
2,U09,M09,092208,131251,LP085,000450,F0025,RW,PR2,5,,,,,
2,U10,M26,092208,131251,LP060,000450,F0020,RW,PR2,5,,,,,
2,U11,M25,092208,131251,UP380,000450,F0300,R,PR3,5,,,,,
2,U12,M25,092208,131251,UP380,000450,F0300,R,PR3,5,,,,,
2,U13,M25,092208,131251,UP380,000450,F0300,R,PR4,5,,,,,
2,U14,M25,092208,131251,UP380,000450,F0300,R,PR4,5,,,,,
2,U15,M25,092208,131251,UP380,000450,F0300,R,PR4,5,,,,,
2,U16,M16,092208,131251,UP380,000450,F0555,R,PR4,5,,,,,
2,U17,M19,092208,131251,LP090,000450,F0555,R,PR6,5,,,,,
1,U01,M01,092308,080540,171340,09,42,12345,13400,,,,,,
1,U02,M02,092308,080540,171340,09,42,12345,13400,,,,,,
1,U03,M03,092308,080540,171340,09,42,12345,13400,,,,,,
1,U04,M04,092308,080540,171340,09,42,12345,13400,,,,,,
1,U05,M05,092308,080540,171340,09,42,12345,13400,,,,,,
1,U06,M06,092308,080540,171340,09,42,12345,13400,,,,,,
1,U07,M07,092308,080540,171340,09,42,12345,13400,,,,,,
1,U08,M08,092308,080540,171340,09,42,12345,13400,,,,,,
1,U09,M09,092308,080540,171340,09,42,12345,13400,,,,,,
1,U10,M27,092308,080540,171340,09,42,12345,13400,,,,,,
1,U11,M26,092308,080540,171340,09,42,12345,13400,,,,,,
1,U12,M26,092308,110540,171340,09,42,12345,13400,,,,,,
1,U13,M26,092308,110540,171340,09,42,12345,13400,,,,,,
1,U14,M26,092308,110540,171340,09,42,12345,13400,,,,,,
1,U15,M26,092308,110540,171340,09,42,12345,13400,,,,,,
1,U16,M16,092308,110540,171340,09,42,12345,13400,,,,,,
1,U17,M19,092308,110540,171340,09,42,12345,13400,,,,,,
1,U01,M01,092408,081010,170040,22,70,12345,12098,,,,,,
1,U03,M03,092408,081010,170040,22,70,12345,12098,,,,,,
1,U05,M05,092408,081010,170040,22,70,12345,12098,,,,,,
1,U07,M07,092408,081010,170040,22,70,12345,12098,,,,,,
1,U09,M09,092408,081010,170040,22,70,12345,12098,,,,,,
1,U11,M23,092408,081010,170040,22,70,12345,12098,,,,,,
1,U12,M23,092408,141010,170040,22,70,12345,12098,,,,,,
1,U13,M23,092408,141010,170040,22,70,12345,12098,,,,,,
1,U14,M23,092408,141010,170040,22,70,12345,12098,,,,,,
1,U15,M23,092408,141010,170040,22,70,12345,12098,,,,,,
1,U16,M16,092408,141010,170040,22,70,12345,12098,,,,,,
1,U17,M19,092408,141010,170040,22,70,12345,12098,,,,,,
1,U02,M02,092408,181010,220040,22,70,12345,12098,,,,,,
1,U04,M04,092408,181010,220040,22,70,12345,12098,,,,,,
1,U06,M06,092408,181010,220040,22,70,12345,12098,,,,,,
1,U08,M08,092408,181010,220040,22,70,12345,12098,,,,,,
1,U10,M27,092408,181010,220040,22,70,12345,12098,,,,,,
1,U01,M01,092508,081710,172540,10,30,1210,1352,,,,,,
1,U02,M02,092508,081710,172540,10,30,1210,1352,,,,,,
1,U03,M03,092508,081710,172540,10,30,1210,1352,,,,,,
1,U04,M04,092508,081710,172540,10,30,1210,1352,,,,,,
1,U05,M05,092508,081710,172540,10,30,1210,1352,,,,,,
1,U06,M06,092508,081710,172540,10,30,1210,1352,,,,,,
1,U07,M07,092508,081710,172540,10,30,1210,1352,,,,,,
1,U08,M08,092508,081710,172540,10,30,1210,1352,,,,,,
1,U09,M09,092508,081710,172540,10,30,1210,1352,,,,,,
1,U10,M28,092508,081710,172540,10,30,1210,1352,,,,,,
1,U11,M27,092508,081710,172540,10,30,1210,1352,,,,,,
1,U12,M27,092508,151710,172540,10,30,1210,1352,,,,,,
1,U13,M27,092508,151710,172540,10,30,1210,1352,,,,,,
1,U14,M27,092508,151710,172540,10,30,1210,1352,,,,,,
1,U15,M27,092508,151710,172540,10,30,1210,1352,,,,,,
1,U16,M16,092508,151710,172540,10,30,1210,1352,,,,,,
1,U17,M19,092508,151710,172540,10,30,1210,1352,,,,,,
1,U01,M01,092608,082210,172940,25,55,15455,13558,,,,,,
1,U02,M02,092608,082210,172940,25,55,15455,13558,,,,,,
1,U03,M03,092608,082210,172940,25,55,15455,13558,,,,,,
1,U04,M04,092608,082210,172940,25,55,15455,13558,,,,,,
1,U05,M05,092608,082210,172940,25,55,15455,13558,,,,,,
1,U06,M06,092608,082210,172940,25,55,15455,13558,,,,,,
1,U07,M07,092608,082210,172940,25,55,15455,13558,,,,,,
1,U08,M08,092608,082210,172940,25,55,15455,13558,,,,,,
1,U09,M09,092608,082210,172940,25,55,15455,13558,,,,,,
1,U10,M28,092608,082210,172940,25,55,15455,13558,,,,,,
1,U11,M28,092608,082210,172940,25,55,15455,13558,,,,,,
1,U12,M28,092608,082210,172940,25,55,15455,13558,,,,,,
1,U13,M28,092608,082210,172940,25,55,15455,13558,,,,,,
1,U14,M28,092608,082210,172940,25,55,15455,13558,,,,,,
1,U15,M28,092608,082210,172940,25,55,15455,13558,,,,,,
1,U16,M16,092608,082210,172940,25,55,15455,13558,,,,,,
1,U17,M19,092608,082210,172940,25,55,15455,13558,,,,,,
3,U01,M01,092608,100656,E1,jones@pqr.com,S,1405,0,,,,,,
3,U02,M02,092608,100656,E1,jones@pqr.com,S,1405,0,,,,,,
3,U03,M03,092608,100656,E1,jones@pqr.com,S,1405,0,,,,,,
3,U04,M04,092608,100656,E1,jones@pqr.com,S,1405,0,,,,,,
3,U05,M05,092608,100656,E1,jones@pqr.com,S,1405,0,,,,,,
3,U06,M06,092608,100656,E1,smith@abc.org,R,1405,0,,,,,,
3,U07,M07,092608,100656,E1,smith@abc.org,S,1405,0,,,,,,
3,U08,M08,092608,100656,E1,smith@abc.org,R,1405,0,,,,,,
3,U09,M09,092608,100656,E3,smith@abc.org,S,1405,0,,,,,,
3,U10,M08,092608,100656,E3,smith@abc.org,R,1405,0,,,,,,
3,U11,M28,092608,100656,E1,xyz@sai.org,S,1405,0,,,,,,
3,U12,M28,092608,100656,E1,xyz@sai.org,S,1405,0,,,,,,
3,U13,M28,092608,100656,E1,xyz@sai.org,S,1405,0,,,,,,
3,U14,M28,092608,100656,E1,xyz@sai.org,S,1405,0,,,,,,
3,U15,M28,092608,100656,E1,bob@xyz.com,R,1405,0,,,,,,
3,U16,M16,092608,100656,E1,bob@xyz.com,R,1405,0,,,,,,
3,U17,M19,092608,100656,E4,bob@xyz.com,R,1405,0,,,,,,
2,U01,M01,092608,113901,LP010,000340,F0979,RW,,,,,,,
2,U02,M02,092608,113901,UP010,000340,F0979,RW,,,,,,,
2,U03,M03,092608,113901,LP020,000340,F0979,RW,,,,,,,
2,U04,M04,092608,113901,UP010,000340,F0979,RW,,,,,,,
2,U05,M05,092608,113901,UP310,000340,F0010,RW,,,,,,,
2,U06,M06,092608,113901,UP010,000340,F0010,R,,,,,,,
2,U07,M07,092608,113901,LP010,000340,F0010,RW,,,,,,,
2,U08,M08,092608,113901,UP010,000340,F0010,R,,,,,,,
2,U09,M09,092608,113901,LP095,000340,F0010,RW,,,,,,,
2,U10,M08,092608,113901,UP010,000340,F0010,R,,,,,,,
2,U11,M28,092608,113901,UP310,000340,F0100,R,,,,,,,
2,U12,M28,092608,113901,UP310,000340,F0100,R,,,,,,,
2,U13,M28,092608,113901,UP310,000340,F0100,R,,,,,,,
2,U14,M28,092608,113901,UP310,000340,F0100,R,,,,,,,
2,U15,M28,092608,113901,UP310,000340,F0100,R,,,,,,,
2,U16,M16,092608,113901,UP310,000340,F0112,R,,,,,,,
2,U17,M19,092608,113901,LP060,000340,F0112,R,,,,,,,
3,U01,M01,092608,120302,E1,jones@pqr.com,S,556780,2,,,,,,
3,U02,M02,092608,120302,E1,jones@pqr.com,S,556780,2,,,,,,
3,U03,M03,092608,120302,E1,jones@pqr.com,S,556780,2,,,,,,
3,U04,M04,092608,120302,E1,jones@pqr.com,S,556780,2,,,,,,
3,U05,M05,092608,120302,E1,jones@pqr.com,S,556780,2,,,,,,
3,U06,M06,092608,120302,E1,smith@abc.org,R,556780,2,,,,,,
3,U07,M07,092608,120302,E1,smith@abc.org,S,556780,2,,,,,,
3,U08,M08,092608,120302,E1,smith@abc.org,R,556780,2,,,,,,
3,U09,M09,092608,120302,E3,smith@abc.org,S,556780,2,,,,,,
3,U10,M08,092608,120302,E3,smith@abc.org,R,556780,2,,,,,,
3,U11,M28,092608,120302,E1,xyz@sai.org,S,556780,2,,,,,,
3,U12,M28,092608,120302,E1,xyz@sai.org,S,556780,2,,,,,,
3,U13,M28,092608,120302,E1,xyz@sai.org,S,556780,2,,,,,,
3,U14,M28,092608,120302,E1,xyz@sai.org,S,556780,2,,,,,,
3,U15,M28,092608,120302,E1,bob@xyz.com,R,556780,2,,,,,,
3,U16,M16,092608,120302,E1,bob@xyz.com,R,556780,2,,,,,,
3,U17,M19,092608,120302,E4,bob@xyz.com,R,556780,2,,,,,,
3,U01,M01,092608,140302,E1,jones@pqr.com,S,356790,2,,,,,,
3,U02,M02,092608,140302,E1,jones@pqr.com,S,356790,2,,,,,,
3,U03,M03,092608,140302,E1,jones@pqr.com,S,356790,2,,,,,,
3,U04,M04,092608,140302,E1,jones@pqr.com,S,356790,2,,,,,,
3,U05,M05,092608,140302,E1,jones@pqr.com,S,356790,2,,,,,,
3,U06,M06,092608,140302,E1,smith@abc.org,R,356790,2,,,,,,
3,U07,M07,092608,140302,E1,smith@abc.org,S,356790,2,,,,,,
3,U08,M08,092608,140302,E1,smith@abc.org,R,356790,2,,,,,,
3,U09,M09,092608,140302,E3,smith@abc.org,S,356790,2,,,,,,
3,U10,M08,092608,140302,E3,smith@abc.org,R,356790,2,,,,,,
3,U11,M28,092608,140302,E1,xyz@sai.org,S,356790,2,,,,,,
3,U12,M28,092608,140302,E1,xyz@sai.org,S,356790,2,,,,,,
3,U13,M28,092608,140302,E1,xyz@sai.org,S,356790,2,,,,,,
3,U14,M28,092608,140302,E1,xyz@sai.org,S,356790,2,,,,,,
3,U15,M28,092608,140302,E1,bob@xyz.com,R,356790,2,,,,,,
3,U16,M16,092608,140302,E1,bob@xyz.com,R,356790,2,,,,,,
3,U17,M19,092608,140302,E4,bob@xyz.com,R,356790,2,,,,,,
1,U18,M18,092708,082210,172940,25,55,15455,13558,,,,,,
1,U19,M19,092708,082210,172940,25,55,15455,13558,,,,,,
3,U18,M18,092708,100656,E5,bob@xyz.com,R,1405,0,,,,,,
3,U19,M19,092708,100656,E4,bob@xyz.com,R,1405,0,,,,,,
2,U18,M18,092708,113901,UP361,000340,F0112,R,,,,,,,
2,U19,M19,092708,113901,LP060,000340,F0112,R,,,,,,,
3,U18,M18,092708,120302,E5,bob@xyz.com,R,556780,2,,,,,,
3,U19,M19,092708,120302,E4,bob@xyz.com,R,556780,2,,,,,,
3,U18,M18,092708,140302,E5,bob@xyz.com,R,356790,2,,,,,,
3,U19,M19,092708,140302,E4,bob@xyz.com,R,356790,2,,,,,,
1,U18,M18,092808,053000,173000,25,55,15455,13558,,,,,,
1,U19,M19,092808,053000,173000,25,55,15455,13558,,,,,,
3,U18,M18,092808,084650,E5,bob@xyz.com,R,132323,1,,,,,,
3,U19,M19,092808,084650,E4,bob@xyz.com,R,132323,1,,,,,,
3,U18,M18,092808,150302,E5,bob@xyz.com,R,7685,0,,,,,,
3,U19,M19,092808,150302,E4,bob@xyz.com,R,7685,0,,,,,,
2,U18,M18,092808,160501,UP420,000340,F0099,R,PR5,10,,,,,
2,U19,M19,092808,160501,LP010,000340,F0099,R,PR6,10,,,,,
2,U18,M18,092808,162501,UP463,000870,F0019,RW,PR5,10,,,,,
2,U19,M19,092808,162501,LP050,000870,F0019,RW,PR6,10,,,,,
2,U18,M18,092808,170101,UP499,000920,F0109,R,,,,,,,
2,U19,M19,092808,170101,LP080,000920,F0109,R,,,,,,,
1,U01,M01,092908,080010,171040,10,30,1210,1352,,,,,,
1,U02,M02,092908,080010,171040,10,30,1210,1352,,,,,,
1,U03,M03,092908,080010,171040,10,30,1210,1352,,,,,,
1,U04,M04,092908,080010,171040,10,30,1210,1352,,,,,,
1,U05,M05,092908,080010,171040,10,30,1210,1352,,,,,,
1,U06,M06,092908,080010,171040,10,30,1210,1352,,,,,,
1,U07,M07,092908,080010,171040,10,30,1210,1352,,,,,,
1,U08,M08,092908,080010,171040,10,30,1210,1352,,,,,,
1,U09,M09,092908,080010,171040,10,30,1210,1352,,,,,,
1,U10,M29,092908,080010,171040,10,30,1210,1352,,,,,,
1,U11,M24,092908,080010,171040,10,30,1210,1352,,,,,,
1,U12,M25,092908,080010,171040,10,30,1210,1352,,,,,,
1,U13,M25,092908,080010,171040,10,30,1210,1352,,,,,,
1,U14,M14,092908,080010,171040,10,30,1210,1352,,,,,,
1,U15,M25,092908,080010,171040,10,30,1210,1352,,,,,,
1,U16,M16,092908,080010,171040,10,30,1210,1352,,,,,,
1,U17,M19,092908,080010,171040,10,30,1210,1352,,,,,,
2,U01,M01,092908,093901,LP010,000340,F0389,R,PR1,21,,,,,
2,U02,M02,092908,093901,UP010,000340,F0389,R,PR1,21,,,,,
2,U03,M03,092908,093901,LP020,000340,F0389,R,PR1,21,,,,,
2,U04,M04,092908,093901,UP010,000340,F0389,R,PR1,21,,,,,
2,U05,M05,092908,093901,UP310,000340,F0020,RW,PR2,21,,,,,
2,U06,M06,092908,093901,UP010,000340,F0020,RW,PR2,21,,,,,
2,U07,M07,092908,093901,LP010,000340,F0020,RW,PR2,21,,,,,
2,U08,M08,092908,093901,UP010,000340,F0020,RW,PR2,21,,,,,
2,U09,M09,092908,093901,LP095,000340,F0020,RW,PR2,21,,,,,
2,U10,M08,092908,093901,LP090,000340,F0020,RW,PR2,21,,,,,
2,U11,M24,092908,093901,UP310,000340,F0200,R,PR3,21,,,,,
2,U12,M25,092908,093901,UP310,000340,F0200,R,PR3,21,,,,,
2,U13,M25,092908,093901,UP310,000340,F0200,R,PR4,21,,,,,
2,U14,M14,092908,093901,UP310,000340,F0200,R,PR4,21,,,,,
2,U15,M25,092908,093901,UP310,000340,F0200,R,PR4,21,,,,,
2,U16,M16,092908,093901,UP310,000340,F0277,R,PR4,21,,,,,
2,U17,M19,092908,093901,LP060,000340,F0277,R,PR6,21,,,,,
2,U01,M01,092908,145201,LP050,001040,F0475,RW,PR1,10,,,,,
2,U02,M02,092908,145201,UP150,001040,F0475,RW,PR1,10,,,,,
2,U03,M03,092908,145201,LP060,001040,F0475,RW,PR1,10,,,,,
2,U04,M04,092908,145201,UP150,001040,F0475,RW,PR1,10,,,,,
2,U05,M05,092908,145201,UP350,001040,F0025,RW,PR2,10,,,,,
2,U06,M06,092908,145201,UP150,001040,F0025,RW,PR2,10,,,,,
2,U07,M07,092908,145201,LP050,001040,F0025,RW,PR2,10,,,,,
2,U08,M08,092908,145201,UP150,001040,F0025,RW,PR2,10,,,,,
2,U09,M09,092908,145201,LP075,001040,F0025,RW,PR2,10,,,,,
2,U10,M08,092908,145201,UP150,001040,F0025,RW,PR2,10,,,,,
2,U11,M24,092908,145201,UP350,001040,F0300,R,PR3,10,,,,,
2,U12,M25,092908,145201,UP350,001040,F0300,R,PR3,10,,,,,
2,U13,M25,092908,145201,UP350,001040,F0300,R,PR4,10,,,,,
2,U14,M14,092908,145201,UP350,001040,F0300,R,PR4,10,,,,,
2,U15,M25,092908,145201,UP350,001040,F0300,R,PR4,10,,,,,
2,U16,M16,092908,145201,UP350,001040,F0337,R,PR4,10,,,,,
2,U17,M19,092908,145201,LP020,001040,F0337,R,PR6,10,,,,,
2,U01,M01,092908,161251,LP080,000450,F0471,R,PR1,5,,,,,
2,U02,M02,092908,161251,UP170,000450,F0471,R,PR1,5,,,,,
2,U03,M03,092908,161251,LP090,000450,F0471,R,PR1,5,,,,,
2,U04,M04,092908,161251,UP170,000450,F0471,R,PR1,5,,,,,
2,U05,M05,092908,161251,UP380,000450,F0010,R,PR2,5,,,,,
2,U06,M06,092908,161251,UP170,000450,F0010,RW,PR2,5,,,,,
2,U07,M07,092908,161251,LP080,000450,F0010,R,PR2,5,,,,,
2,U08,M08,092908,161251,UP170,000450,F0010,RW,PR2,5,,,,,
2,U09,M09,092908,161251,LP085,000450,F0010,R,PR2,5,,,,,
2,U10,M08,092908,161251,UP170,000450,F0010,RW,PR2,5,,,,,
2,U11,M24,092908,161251,UP380,000450,F0100,R,PR3,5,,,,,
2,U12,M25,092908,161251,UP380,000450,F0100,R,PR3,5,,,,,
2,U13,M25,092908,161251,UP380,000450,F0100,R,PR4,5,,,,,
2,U14,M14,092908,161251,UP380,000450,F0100,R,PR4,5,,,,,
2,U15,M25,092908,161251,UP380,000450,F0100,R,PR4,5,,,,,
2,U16,M16,092908,161251,UP380,000450,F0447,R,PR4,5,,,,,
2,U17,M19,092908,161251,LP090,000450,F0447,R,PR6,5,,,,,
1,U12,M25,093008,053000,173000,25,55,15455,13558,,,,,,
1,U13,M25,093008,053000,173000,25,55,15455,13558,,,,,,
1,U14,M14,093008,053000,173000,25,55,15455,13558,,,,,,
1,U15,M25,093008,053000,173000,25,55,15455,13558,,,,,,
1,U16,M16,093008,053000,173000,25,55,15455,13558,,,,,,
1,U17,M19,093008,053000,173000,25,55,15455,13558,,,,,,
1,U01,M01,093008,083000,173000,25,55,15455,13558,,,,,,
1,U02,M02,093008,083000,173000,25,55,15455,13558,,,,,,
1,U03,M03,093008,083000,173000,25,55,15455,13558,,,,,,
1,U04,M04,093008,083000,173000,25,55,15455,13558,,,,,,
1,U05,M05,093008,083000,173000,25,55,15455,13558,,,,,,
1,U06,M06,093008,083000,173000,25,55,15455,13558,,,,,,
1,U07,M07,093008,083000,173000,25,55,15455,13558,,,,,,
1,U08,M08,093008,083000,173000,25,55,15455,13558,,,,,,
1,U09,M09,093008,083000,173000,25,55,15455,13558,,,,,,
1,U10,M30,093008,083000,173000,25,55,15455,13558,,,,,,
1,U11,M25,093008,083000,173000,25,55,15455,13558,,,,,,
3,U01,M01,093008,084650,E1,jones@pqr.com,S,132323,1,,,,,,
3,U02,M02,093008,084650,E1,jones@pqr.com,S,132323,1,,,,,,
3,U03,M03,093008,084650,E1,jones@pqr.com,S,132323,1,,,,,,
3,U04,M04,093008,084650,E1,jones@pqr.com,S,132323,1,,,,,,
3,U05,M05,093008,084650,E1,jones@pqr.com,S,132323,1,,,,,,
3,U06,M06,093008,084650,E1,smith@abc.org,R,132323,1,,,,,,
3,U07,M07,093008,084650,E1,smith@abc.org,S,132323,1,,,,,,
3,U08,M08,093008,084650,E1,smith@abc.org,R,132323,1,,,,,,
3,U09,M09,093008,084650,E3,smith@abc.org,S,132323,1,,,,,,
3,U10,M08,093008,084650,E3,smith@abc.org,R,132323,1,,,,,,
3,U11,M25,093008,084650,E1,xyz@sai.org,S,132323,1,,,,,,
3,U12,M25,093008,084650,E1,xyz@sai.org,S,132323,1,,,,,,
3,U13,M25,093008,084650,E1,xyz@sai.org,S,132323,1,,,,,,
3,U14,M14,093008,084650,E1,xyz@sai.org,S,132323,1,,,,,,
3,U15,M25,093008,084650,E1,bob@xyz.com,R,132323,1,,,,,,
3,U16,M16,093008,084650,E1,bob@xyz.com,R,132323,1,,,,,,
3,U17,M19,093008,084650,E4,bob@xyz.com,R,132323,1,,,,,,
2,U02,M02,093008,121251,UP300,001550,F0185,RW,PR1,1,,,,,
2,U04,M04,093008,121251,UP300,001550,F0185,RW,PR1,1,,,,,
2,U06,M06,093008,121251,UP300,001550,F0020,RW,PR2,1,,,,,
2,U08,M08,093008,121251,UP300,001550,F0020,RW,PR2,1,,,,,
2,U10,M08,093008,121251,LP060,001550,F0020,RW,PR2,1,,,,,
2,U02,M02,093008,131551,UP350,002640,F0285,R,PR1,2,,,,,
2,U04,M04,093008,131551,UP350,002640,F0285,R,PR1,2,,,,,
2,U06,M06,093008,131551,UP350,002640,F0025,R,PR2,2,,,,,
2,U08,M08,093008,131551,UP350,002640,F0025,R,PR2,2,,,,,
2,U10,M08,093008,131551,UP350,002640,F0025,R,PR2,2,,,,,
3,U01,M01,093008,150302,E1,jones@pqr.com,S,7685,0,,,,,,
3,U02,M02,093008,150302,E1,jones@pqr.com,S,7685,0,,,,,,
3,U03,M03,093008,150302,E1,jones@pqr.com,S,7685,0,,,,,,
3,U04,M04,093008,150302,E1,jones@pqr.com,S,7685,0,,,,,,
3,U05,M05,093008,150302,E1,jones@pqr.com,S,7685,0,,,,,,
3,U06,M06,093008,150302,E1,smith@abc.org,R,7685,0,,,,,,
3,U07,M07,093008,150302,E1,smith@abc.org,S,7685,0,,,,,,
3,U08,M08,093008,150302,E1,smith@abc.org,R,7685,0,,,,,,
3,U09,M09,093008,150302,E3,smith@abc.org,S,7685,0,,,,,,
3,U10,M08,093008,150302,E3,smith@abc.org,R,7685,0,,,,,,
3,U11,M25,093008,150302,E1,xyz@sai.org,S,7685,0,,,,,,
3,U12,M22,093008,150302,E1,xyz@sai.org,S,7685,0,,,,,,
3,U13,M25,093008,150302,E1,xyz@sai.org,S,7685,0,,,,,,
3,U14,M14,093008,150302,E1,xyz@sai.org,S,7685,0,,,,,,
3,U15,M22,093008,150302,E1,bob@xyz.com,R,7685,0,,,,,,
3,U16,M16,093008,150302,E1,bob@xyz.com,R,7685,0,,,,,,
3,U17,M19,093008,150302,E4,bob@xyz.com,R,7685,0,,,,,,
2,U13,M21,093008,160501,LP010,000340,F0059,R,PR4,10,,,,,
2,U16,M16,093008,160501,LP010,000340,F0099,R,PR4,10,,,,,
2,U17,M19,093008,160501,LP010,000340,F0099,R,PR6,10,,,,,
2,U13,M21,093008,162501,LP050,000870,F0079,RW,PR4,10,,,,,
2,U16,M16,093008,162501,LP050,000870,F0019,RW,PR4,10,,,,,
2,U17,M19,093008,162501,LP050,000870,F0019,RW,PR6,10,,,,,
2,U13,M21,093008,170101,LP080,000920,F0179,R,,,,,,,
2,U16,M16,093008,170101,LP080,000920,F0109,R,,,,,,,
2,U17,M19,093008,170101,LP080,000920,F0109,R,,,,,,,
